<?xml version="1.0" encoding="utf-8"?>
<app>
    <package>com.idddx.lwp.kittyinbag</package>
    <versionCode>7</versionCode>
    <versionName>1.1.0</versionName>
    <enName>Kitty In Bag</enName>
    <cnName>萌货猫星人</cnName>
    <hkName>萌貨貓星人</hkName>
    <twName>萌貨貓星人</twName>
    <easy3dx>0.4.1</easy3dx>
    <updateTime>20160201</updateTime>
    <cnIntroduct>可爱的花猫咪蹲在一个收纳盒里，大大的眼睛盯着你，两只前爪搭在框边，非常可爱萌萌哒。
    </cnIntroduct>
</app>
