<?xml version="1.0" encoding="utf-8"?>
<app>
    <package>com.idddx.lwp.sweetyheart</package>
    <versionCode>7</versionCode>
    <versionName>1.1.0</versionName>
    <enName>Sweety Heart</enName>
    <cnName>粉红甜心</cnName>
    <hkName>粉紅甜心</hkName>
    <twName>粉紅甜心</twName>
    <easy3dx>0.4.1</easy3dx>
    <updateTime>20160201</updateTime>
    <cnIntroduct>我总希望有些人在什么地方等我，
你也总希望有人在什么地方等你吧？
一个人等太久，
等到连自己都觉得是个笑话。
    </cnIntroduct>
</app>
