<?xml version="1.0" encoding="utf-8"?>
<app>
    <package>com.idddx.lwp.rosepetals3d</package>
    <versionCode>7</versionCode>
    <versionName>1.1.0</versionName>
    <enName>Rose Petals 3D</enName>
    <cnName>3D落花海</cnName>
    <hkName>3D落花海</hkName>
    <twName>3D落花海</twName>
    <easy3dx>0.4.1</easy3dx>
    <updateTime>20160201</updateTime>
    <cnIntroduct>你见过会变色的花瓣吗？
一片片逼真的3D粉色花瓣从天而降，
简洁但唯美的3D花瓣桌面锁屏壁纸，
铺在地上形成一片红色花的海洋，

互动效果：
摇一摇手机，花瓣会变成紫色、粉色、红色、桃红色、蓝色
    </cnIntroduct>
</app>
